Size,InsertionSort,MergeSort,QuickSort,RadixSort,BucketSort,HeapSort
10,0.216875,0.011542,0.007333,0.015208,0.244958,0.018
50,0.127208,0.078167,0.033167,0.027375,0.106459,0.0555
100,0.082208,0.076875,0.028292,0.02875,0.129834,0.036583
500,1.985375,0.2145,0.185292,0.090917,0.631041,0.188417
1000,2.943958,0.159666,0.124584,0.180625,0.382292,0.216708
2000,18.4855,0.667125,0.562666,0.676333,0.54525,2.017625
3000,17.020042,1.788791,1.425791,0.51125,0.76125,3.179292
