Size,InsertionSort,MergeSort,QuickSort,RadixSort,BucketSort,HeapSort
10,0.269,0.011667,0.00675,0.016375,0.367792,0.008583
50,0.070917,0.044084,0.022625,0.012375,0.195584,0.031417
100,0.083917,0.071,0.054875,0.022583,0.085208,0.030667
500,1.858833,0.208584,0.234375,0.094791,0.4145,0.121583
1000,1.784708,0.15075,0.124958,0.172958,0.372167,0.215792
2000,13.141375,0.345958,0.269583,0.345542,0.54075,2.001208
3000,7.821875,1.570875,1.453458,0.514625,0.716916,3.165167
